from,to,distance
0,200,638.77
0,174,682.61
0,49,858.52
0,278,905.27
0,128,938.5
1,230,117.28
1,212,404.6
1,76,553.38
1,26,768.89
1,244,805.76
2,75,210.06
2,79,335.55
2,353,588.8
2,193,846.38
2,240,1022.97
3,161,411.83
3,258,652.51
3,309,768.63
3,54,972.45
3,223,1052.62
4,316,450.33
4,218,476.32
4,154,673.47
4,226,801.41
4,35,997.41
5,310,289.85
5,116,623.45
5,145,639.1
5,329,862.4
5,187,1045.44
6,169,480.78
6,52,649.13
6,105,689.94
6,31,726.87
6,16,744.12
7,186,210.98
7,143,599.35
7,146,818.15
7,313,988.64
7,73,1033.14
8,120,379.84
8,343,426.59
8,128,533.35
8,239,1109.03
8,92,1406.68
9,108,339.3
9,192,423.8
9,319,812.99
9,33,1001.4
9,317,1015.66
10,261,435.53
10,18,882.44
10,88,902.91
10,143,921.97
10,197,936.13
11,257,343.04
11,240,599.24
11,79,801.89
11,2,1123.83
11,75,1226.41
12,40,141.41
12,130,159.01
12,300,235.6
12,39,483.58
12,171,832.44
13,25,472.85
13,216,599.98
13,107,825.81
13,125,826.36
13,345,998.03
14,317,229.63
14,303,482.15
14,285,879.99
14,9,1050.3
14,192,1085.45
15,351,404.36
15,222,442.1
15,266,591.91
15,187,737.09
15,329,974.69
16,31,348.45
16,109,371.38
16,262,545.89
16,6,744.12
16,177,955.45
17,219,396.97
17,162,405.0
17,333,590.91
17,344,814.43
17,82,856.69
18,88,74.29
18,179,102.67
18,261,673.26
18,10,882.44
18,339,902.25
19,276,467.46
19,142,512.2
19,194,730.18
19,42,966.39
19,204,1040.2
20,175,572.23
20,21,659.83
20,241,1340.94
20,194,1395.1
20,85,1405.04
21,20,659.83
21,99,911.43
21,48,956.43
21,175,1177.18
21,19,1563.15
22,80,453.39
22,325,627.57
22,67,661.05
22,311,728.08
22,232,1158.46
23,152,337.66
23,309,433.2
23,195,454.76
23,34,632.15
23,119,693.98
24,158,362.59
24,132,1110.89
24,94,1154.23
24,263,1201.52
24,253,1628.19
25,107,355.32
25,13,472.85
25,125,837.41
25,216,885.73
25,72,954.87
26,357,507.63
26,230,662.63
26,1,768.89
26,39,803.88
26,76,1034.54
27,65,314.83
27,294,856.37
27,165,1125.71
27,315,1260.28
27,270,1398.21
28,233,596.44
28,70,679.63
28,91,724.71
28,38,871.3
28,126,912.26
29,177,707.67
29,303,862.96
29,124,1022.85
29,286,1124.07
29,109,1205.48
30,301,85.68
30,86,696.21
30,208,704.2
30,248,757.97
30,140,1018.06
31,262,269.22
31,16,348.45
31,109,425.19
31,6,726.87
31,59,749.5
32,71,498.28
32,273,744.11
32,184,841.3
32,339,955.5
32,341,965.78
33,198,350.98
33,192,587.82
33,54,751.8
33,108,752.96
33,9,1001.4
34,50,375.58
34,119,563.34
34,23,632.15
34,152,648.52
34,335,762.91
35,117,460.45
35,205,464.58
35,334,617.61
35,218,621.67
35,231,807.94
36,207,385.38
36,196,679.85
36,178,778.36
36,133,956.39
36,147,990.59
37,68,395.56
37,231,865.37
37,117,1089.57
37,35,1382.4
37,334,1386.04
38,91,147.1
38,70,429.59
38,93,612.07
38,299,740.0
38,28,871.3
39,12,483.58
39,130,499.47
39,40,566.36
39,300,638.51
39,26,803.88
40,300,94.4
40,12,141.41
40,130,292.93
40,39,566.36
40,171,948.8
41,237,803.68
41,359,1061.39
41,81,1129.61
41,243,1426.17
41,305,1494.87
42,194,277.21
42,142,932.6
42,19,966.39
42,312,1124.05
42,175,1184.3
43,318,182.29
43,46,370.64
43,338,453.84
43,83,515.83
43,337,604.48
44,121,235.34
44,84,335.1
44,283,419.97
44,95,461.5
44,268,645.49
45,213,234.24
45,271,531.44
45,236,657.74
45,247,705.24
45,124,842.46
46,297,343.31
46,83,367.84
46,43,370.64
46,337,387.05
46,318,469.11
47,115,641.28
47,291,644.87
47,191,761.34
47,155,872.86
47,270,991.59
48,99,478.12
48,21,956.43
48,190,1149.98
48,302,1189.42
48,274,1562.25
49,174,176.48
49,200,371.39
49,0,858.52
49,156,956.05
49,311,998.06
50,34,375.58
50,60,598.46
50,119,668.97
50,235,900.91
50,335,903.82
51,259,259.53
51,185,372.21
51,331,539.57
51,111,621.08
51,180,703.66
52,59,578.39
52,229,617.74
52,6,649.13
52,169,678.77
52,153,990.39
53,149,725.22
53,260,727.28
53,281,860.38
53,256,866.1
53,275,1288.14
54,198,676.22
54,33,751.8
54,210,781.08
54,258,951.0
54,3,972.45
55,352,375.8
55,160,507.61
55,101,762.85
55,138,831.09
55,251,918.79
56,319,297.43
56,245,457.45
56,210,498.32
56,108,952.79
56,9,1101.62
57,209,677.69
57,157,1498.15
57,35,1518.42
57,117,1802.71
57,37,1846.05
58,358,159.62
58,145,861.67
58,116,1067.85
58,90,1152.31
58,310,1184.59
59,52,578.39
59,275,737.22
59,31,749.5
59,262,777.04
59,6,863.36
60,50,598.46
60,357,801.76
60,282,902.37
60,235,904.76
60,34,969.43
61,106,268.72
61,199,522.85
61,168,627.03
61,62,706.07
61,242,771.64
62,337,555.97
62,83,612.41
62,297,693.25
62,61,706.07
62,168,876.82
63,346,254.49
63,134,595.96
63,98,1785.49
63,320,1794.3
63,24,1877.29
64,274,25.71
64,190,611.23
64,264,1101.17
64,166,1120.17
64,302,1342.95
65,27,314.83
65,315,1038.12
65,294,1159.89
65,251,1259.58
65,129,1265.46
66,323,232.62
66,133,282.71
66,292,658.21
66,273,708.1
66,176,856.11
67,22,661.05
67,80,1114.35
67,144,1148.69
67,311,1173.68
67,325,1176.7
68,37,395.56
68,231,550.86
68,117,855.49
68,334,1089.31
68,35,1242.8
69,141,229.57
69,266,1137.91
69,73,1160.5
69,222,1321.15
69,351,1374.68
70,91,363.9
70,38,429.59
70,233,632.61
70,28,679.63
70,126,748.18
71,32,498.28
71,199,653.83
71,168,908.06
71,106,916.34
71,273,944.99
72,89,534.49
72,244,619.93
72,252,689.57
72,107,705.56
72,212,829.5
73,211,966.23
73,7,1033.14
73,141,1102.27
73,186,1133.28
73,69,1160.5
74,206,66.81
74,102,408.51
74,277,489.02
74,313,724.48
74,214,1057.28
75,2,210.06
75,79,494.28
75,353,511.31
75,193,665.66
75,146,1108.23
76,1,553.38
76,244,591.3
76,230,627.81
76,97,632.98
76,89,693.42
77,251,331.55
77,129,470.09
77,315,502.13
77,137,757.43
77,314,971.19
78,93,510.93
78,82,624.5
78,333,810.09
78,344,1005.07
78,162,1023.91
79,2,335.55
79,75,494.28
79,240,712.01
79,11,801.89
79,353,922.8
80,22,453.39
80,325,456.82
80,311,662.35
80,232,715.55
80,67,1114.35
81,280,709.76
81,41,1129.61
81,330,1372.19
81,135,1473.64
81,214,1503.63
82,333,296.76
82,344,415.31
82,162,583.1
82,78,624.5
82,17,856.69
83,337,114.51
83,297,339.1
83,46,367.84
83,318,472.03
83,43,515.83
84,121,306.29
84,44,335.1
84,95,489.59
84,268,633.06
84,283,753.55
85,241,308.65
85,157,1065.02
85,20,1405.04
85,175,1486.46
85,21,1882.41
86,248,89.21
86,208,638.05
86,301,665.8
86,30,696.21
86,164,1152.72
87,299,205.02
87,338,554.56
87,318,787.75
87,43,806.29
87,91,897.66
88,18,74.29
88,179,114.4
88,261,725.42
88,339,857.63
88,341,871.49
89,244,103.49
89,72,534.49
89,212,646.33
89,76,693.42
89,97,747.03
90,116,964.54
90,358,1019.89
90,58,1152.31
90,240,1289.13
90,68,1534.99
91,38,147.1
91,70,363.9
91,299,716.24
91,28,724.71
91,93,738.15
92,150,147.01
92,239,316.93
92,322,472.07
92,215,1238.65
92,8,1406.68
93,78,510.93
93,38,612.07
93,91,738.15
93,70,755.84
93,82,910.16
94,132,763.28
94,342,940.6
94,158,984.36
94,24,1154.23
94,306,1607.72
95,121,236.19
95,44,461.5
95,84,489.59
95,296,613.43
95,283,669.57
96,312,496.22
96,289,757.77
96,202,904.35
96,148,913.76
96,249,925.6
97,284,610.83
97,76,632.98
97,244,702.01
97,89,747.03
97,217,774.03
98,320,18.07
98,172,977.61
98,182,1101.53
98,253,1124.04
98,134,1245.23
99,48,478.12
99,21,911.43
99,190,1086.64
99,20,1475.16
99,302,1608.5
100,173,377.15
100,122,710.59
100,234,1040.93
100,129,1077.92
100,287,1178.03
101,221,568.35
101,55,762.85
101,306,837.94
101,254,906.44
101,160,951.3
102,313,358.33
102,74,408.51
102,206,452.3
102,277,876.16
102,186,924.32
103,105,294.88
103,6,872.39
103,169,940.38
103,16,1048.17
103,298,1150.76
104,111,808.5
104,261,956.95
104,179,974.76
104,18,984.89
104,51,993.81
105,103,294.88
105,169,656.79
105,6,689.94
105,298,883.81
105,170,1053.2
106,199,262.92
106,61,268.72
106,168,563.58
106,340,682.18
106,249,694.65
107,25,355.32
107,72,705.56
107,13,825.81
107,125,1045.61
107,252,1129.08
108,192,304.83
108,9,339.3
108,319,657.1
108,33,752.96
108,210,855.11
109,16,371.38
109,262,406.41
109,31,425.19
109,177,699.03
109,281,710.44
110,269,652.15
110,144,1305.92
110,328,1444.69
110,278,1741.27
110,67,2425.38
111,51,621.08
111,104,808.5
111,259,859.69
111,179,865.62
111,339,922.06
112,245,934.78
112,297,957.6
112,46,1004.78
112,9,1096.73
112,319,1196.52
113,275,1069.7
113,118,1095.66
113,149,1209.24
113,322,1362.08
113,238,1489.61
114,279,149.93
114,228,403.06
114,327,439.35
114,131,675.85
114,265,848.04
115,191,155.39
115,324,594.48
115,291,624.28
115,47,641.28
115,155,840.88
116,5,623.45
116,310,770.79
116,145,865.41
116,90,964.54
116,329,1014.6
117,334,355.23
117,231,355.43
117,205,414.77
117,35,460.45
117,68,855.49
118,238,398.68
118,153,583.17
118,215,729.8
118,229,1053.78
118,113,1095.66
119,201,251.15
119,152,423.72
119,195,509.45
119,34,563.34
119,50,668.97
120,8,379.84
120,128,427.17
120,343,469.13
120,0,1124.53
120,239,1354.2
121,44,235.34
121,95,236.19
121,84,306.29
121,283,548.95
121,268,828.42
122,234,356.23
122,173,473.33
122,287,523.84
122,100,710.59
122,355,1314.31
123,332,326.74
123,159,572.61
123,232,1119.88
123,324,1120.37
123,136,1120.75
124,177,673.91
124,213,724.35
124,247,757.87
124,45,842.46
124,29,1022.85
125,13,826.36
125,25,837.41
125,107,1045.61
125,216,1424.73
125,274,1466.82
126,220,145.89
126,356,322.88
126,233,323.16
126,203,465.73
126,70,748.18
127,165,299.47
127,246,381.18
127,228,894.83
127,294,973.77
127,114,1022.81
128,343,185.55
128,120,427.17
128,8,533.35
128,0,938.5
128,278,1218.81
129,315,342.46
129,77,470.09
129,251,512.42
129,100,1077.92
129,137,1097.74
130,12,159.01
130,40,292.93
130,300,383.58
130,39,499.47
130,171,677.44
131,265,436.34
131,279,525.92
131,182,547.48
131,114,675.85
131,228,771.13
132,94,763.28
132,158,765.12
132,263,948.5
132,342,982.47
132,24,1110.89
133,66,282.71
133,292,416.07
133,323,499.91
133,176,688.15
133,207,741.47
134,346,416.95
134,63,595.96
134,98,1245.23
134,320,1256.58
134,172,1821.89
135,243,906.86
135,359,919.88
135,81,1473.64
135,41,1536.94
135,203,1692.95
136,332,1104.23
136,123,1120.75
136,159,1150.6
136,232,1187.91
136,80,1192.83
137,163,240.18
137,314,292.03
137,77,757.43
137,251,1071.25
137,129,1097.74
138,217,180.18
138,160,384.87
138,352,484.25
138,284,703.3
138,55,831.09
139,253,533.43
139,263,864.33
139,228,1093.42
139,246,1102.04
139,265,1112.42
140,301,992.91
140,30,1018.06
140,208,1157.41
140,280,1386.39
140,308,1545.29
141,69,229.57
141,73,1102.27
141,266,1365.23
141,222,1549.09
141,351,1602.76
142,19,512.2
142,293,634.24
142,276,740.07
142,204,754.45
142,194,820.96
143,197,467.41
143,304,533.45
143,354,570.36
143,7,599.35
143,186,678.77
144,269,780.87
144,67,1148.69
144,110,1305.92
144,328,1307.6
144,22,1773.05
145,310,389.45
145,5,639.1
145,58,861.67
145,116,865.41
145,358,980.97
146,193,561.32
146,353,655.85
146,143,791.68
146,7,818.15
146,304,850.12
147,178,280.98
147,350,321.79
147,154,651.82
147,148,829.68
147,316,941.1
148,289,164.39
148,323,747.23
148,147,829.68
148,178,835.76
148,350,843.79
149,53,725.22
149,275,821.5
149,260,1028.3
149,113,1209.24
149,281,1222.32
150,92,147.01
150,322,395.02
150,239,460.88
150,215,1301.35
150,118,1464.59
151,288,442.29
151,326,620.79
151,307,638.56
151,272,742.21
151,349,975.1
152,195,178.51
152,23,337.66
152,119,423.72
152,201,430.31
152,188,552.62
153,238,419.46
153,229,474.64
153,118,583.17
153,215,932.83
153,52,990.39
154,316,291.56
154,147,651.82
154,4,673.47
154,350,725.98
154,218,781.33
155,270,130.44
155,291,247.31
155,115,840.88
155,47,872.86
155,191,981.79
156,307,585.76
156,311,858.37
156,288,890.28
156,325,946.95
156,49,956.05
157,85,1065.02
157,175,1112.03
157,241,1323.69
157,20,1458.79
157,57,1498.15
158,24,362.59
158,132,765.12
158,263,922.52
158,94,984.36
158,253,1350.88
159,123,572.61
159,232,582.33
159,332,882.67
159,324,891.76
159,191,1138.18
160,352,296.8
160,138,384.87
160,55,507.61
160,217,556.57
160,101,951.3
161,309,395.79
161,3,411.83
161,258,767.79
161,223,768.53
161,23,799.74
162,333,287.06
162,219,338.98
162,17,405.0
162,82,583.1
162,344,741.47
163,137,240.18
163,314,315.71
163,77,984.24
163,189,994.18
163,39,1136.15
164,308,718.97
164,336,730.49
164,208,945.99
164,86,1152.72
164,248,1186.37
165,127,299.47
165,246,653.92
165,294,833.27
165,270,932.2
165,155,1062.51
166,264,31.6
166,282,334.52
166,216,665.92
166,345,814.32
166,302,894.27
167,335,516.13
167,23,923.94
167,34,946.16
167,309,1166.51
167,152,1227.04
168,199,527.35
168,106,563.58
168,61,627.03
168,184,692.24
168,62,876.82
169,6,480.78
169,105,656.79
169,298,660.72
169,52,678.77
169,103,940.38
170,298,344.74
170,290,406.26
170,355,618.36
170,169,988.48
170,105,1053.2
171,130,677.44
171,12,832.44
171,189,908.16
171,40,948.8
171,39,1019.32
172,98,977.61
172,320,987.27
172,182,1096.83
172,265,1425.59
172,131,1513.43
173,100,377.15
173,122,473.33
173,234,734.08
173,287,843.89
173,355,1014.73
174,49,176.48
174,200,282.35
174,0,682.61
174,156,1092.26
174,311,1172.56
175,20,572.23
175,157,1112.03
175,194,1132.33
175,21,1177.18
175,42,1184.3
176,292,343.12
176,341,666.51
176,339,686.6
176,133,688.15
176,66,856.11
177,124,673.91
177,109,699.03
177,29,707.67
177,256,834.0
177,281,897.71
178,147,280.98
178,350,596.1
178,36,778.36
178,154,782.74
178,148,835.76
179,18,102.67
179,88,114.4
179,261,762.98
179,339,812.64
179,341,829.39
180,331,164.99
180,184,529.67
180,185,562.64
180,259,679.72
180,51,703.66
181,284,325.87
181,252,579.05
181,217,729.71
181,321,830.22
181,283,839.26
182,265,329.32
182,131,547.48
182,279,988.04
182,228,1037.94
182,320,1092.21
183,255,326.2
183,277,1389.99
183,336,1471.05
183,206,1780.59
183,141,1802.83
184,180,529.67
184,331,621.41
184,168,692.24
184,32,841.3
184,71,962.59
185,259,160.88
185,51,372.21
185,331,421.52
185,180,562.64
185,305,586.98
186,7,210.98
186,143,678.77
186,313,778.48
186,102,924.32
186,146,1025.96
187,347,433.26
187,224,560.0
187,15,737.09
187,329,946.63
187,351,1036.85
188,195,381.89
188,152,552.62
188,309,554.45
188,201,690.76
188,23,724.13
189,171,908.16
189,163,994.18
189,137,1098.45
189,355,1177.49
189,290,1209.05
190,64,611.23
190,274,626.39
190,99,1086.64
190,48,1149.98
190,302,1436.87
191,115,155.39
191,324,446.97
191,47,761.34
191,291,773.8
191,327,906.42
192,108,304.83
192,9,423.8
192,33,587.82
192,198,937.95
192,319,960.41
193,353,463.4
193,146,561.32
193,75,665.66
193,304,739.05
193,354,791.64
194,42,277.21
194,19,730.18
194,142,820.96
194,175,1132.33
194,276,1197.56
195,152,178.51
195,188,381.89
195,201,419.06
195,23,454.76
195,119,509.45
196,36,679.85
196,207,815.23
196,257,931.24
196,334,1215.57
196,11,1239.51
197,354,151.5
197,304,174.8
197,143,467.41
197,193,908.76
197,10,936.13
198,33,350.98
198,54,676.22
198,192,937.95
198,108,1077.03
198,3,1218.28
199,106,262.92
199,61,522.85
199,168,527.35
199,71,653.83
199,249,742.43
200,174,282.35
200,49,371.39
200,0,638.77
200,307,990.4
200,156,1027.08
201,119,251.15
201,195,419.06
201,152,430.31
201,188,690.76
201,23,761.73
202,350,709.02
202,226,728.1
202,96,904.35
202,312,1004.65
202,147,1022.06
203,356,143.06
203,220,369.78
203,126,465.73
203,233,744.18
203,243,803.34
204,223,392.95
204,225,537.19
204,293,581.13
204,142,754.45
204,258,823.9
205,334,230.53
205,117,414.77
205,35,464.58
205,218,581.86
205,231,704.74
206,74,66.81
206,277,430.77
206,102,452.3
206,313,780.38
206,214,1085.17
207,36,385.38
207,292,705.35
207,133,741.47
207,196,815.23
207,178,986.82
208,301,620.54
208,86,638.05
208,30,704.2
208,248,724.68
208,308,856.5
209,57,677.69
209,35,842.2
209,117,1163.26
209,218,1272.88
209,205,1306.4
210,319,478.01
210,56,498.32
210,54,781.08
210,108,855.11
210,245,949.87
211,250,797.39
211,353,865.41
211,146,930.48
211,73,966.23
211,193,1221.13
212,1,404.6
212,230,503.46
212,244,591.3
212,89,646.33
212,76,696.39
213,45,234.24
213,247,472.48
213,236,721.29
213,124,724.35
213,271,747.79
214,330,850.07
214,280,998.99
214,74,1057.28
214,206,1085.17
214,277,1131.18
215,238,521.39
215,118,729.8
215,153,932.83
215,322,1097.32
215,239,1234.84
216,345,412.1
216,13,599.98
216,166,665.92
216,282,695.07
216,264,696.83
217,138,180.18
217,284,526.16
217,160,556.57
217,352,659.04
217,181,729.71
218,4,476.32
218,316,492.37
218,205,581.86
218,35,621.67
218,154,781.33
219,162,338.98
219,17,396.97
219,333,626.05
219,82,921.81
219,344,1046.59
220,126,145.89
220,356,237.66
220,203,369.78
220,233,468.97
220,70,832.41
221,254,404.7
221,306,499.0
221,101,568.35
221,268,839.69
221,267,907.57
222,351,54.18
222,266,185.67
222,15,442.1
222,187,1089.37
222,224,1210.09
223,204,392.95
223,188,733.94
223,161,768.53
223,276,784.9
223,258,826.98
224,347,222.0
224,187,560.0
224,15,1037.71
224,351,1157.52
224,222,1210.09
225,204,537.19
225,293,538.06
225,258,642.4
225,223,837.92
225,142,1079.04
226,202,728.1
226,350,793.53
226,4,801.41
226,154,922.5
226,316,962.75
227,242,229.55
227,340,732.57
227,249,812.1
227,61,853.23
227,106,974.94
228,114,403.06
228,279,423.59
228,265,711.57
228,246,734.25
228,131,771.13
229,153,474.64
229,52,617.74
229,238,857.27
229,59,999.23
229,118,1053.78
230,1,117.28
230,212,503.46
230,76,627.81
230,26,662.63
230,244,922.06
231,117,355.43
231,334,538.5
231,68,550.86
231,205,704.74
231,35,807.94
232,159,582.33
232,80,715.55
232,325,963.91
232,123,1119.88
232,22,1158.46
233,126,323.16
233,220,468.97
233,28,596.44
233,356,605.93
233,70,632.61
234,287,178.99
234,122,356.23
234,173,734.08
234,100,1040.93
234,355,1310.98
235,302,532.03
235,282,768.62
235,119,845.09
235,50,900.91
235,60,904.76
236,45,657.74
236,213,721.29
236,247,971.36
236,271,981.86
236,124,1445.32
237,305,691.91
237,41,803.68
237,259,1185.99
237,104,1208.48
237,185,1236.26
238,118,398.68
238,153,419.46
238,215,521.39
238,229,857.27
238,322,1318.51
239,92,316.93
239,150,460.88
239,322,751.37
239,8,1109.03
239,215,1234.84
240,11,599.24
240,79,712.01
240,257,939.11
240,2,1022.97
240,75,1203.97
241,85,308.65
241,157,1323.69
241,20,1340.94
241,175,1541.04
241,21,1727.25
242,227,229.55
242,61,771.64
242,340,873.81
242,106,949.48
242,249,952.27
243,359,364.95
243,203,803.34
243,135,906.86
243,356,908.42
243,220,1142.52
244,89,103.49
244,76,591.3
244,212,591.3
244,72,619.93
244,97,702.01
245,56,457.45
245,319,582.08
245,297,706.29
245,337,878.17
245,62,886.19
246,127,381.18
246,165,653.92
246,228,734.25
246,114,1004.22
246,294,1067.98
247,213,472.48
247,45,705.24
247,124,757.87
247,236,971.36
247,303,1076.87
248,86,89.21
248,208,724.68
248,301,734.49
248,30,757.97
248,164,1186.37
249,340,79.62
249,106,694.65
249,199,742.43
249,227,812.1
249,61,829.59
250,211,797.39
250,329,936.69
250,15,1155.64
250,353,1250.66
250,2,1317.5
251,315,305.87
251,77,331.55
251,129,512.42
251,352,900.14
251,55,918.79
252,321,368.46
252,181,579.05
252,72,689.57
252,284,805.41
252,89,844.94
253,263,429.47
253,139,533.43
253,320,1106.81
253,98,1124.04
253,132,1253.63
254,306,275.27
254,221,404.7
254,268,694.99
254,342,748.83
254,267,777.14
255,183,326.2
255,277,1067.06
255,336,1334.8
255,206,1465.74
255,74,1531.01
256,281,116.05
256,260,285.48
256,109,745.97
256,262,765.58
256,177,834.0
257,11,343.04
257,196,931.24
257,240,939.11
257,79,979.83
257,334,1016.1
258,225,642.4
258,3,652.51
258,161,767.79
258,204,823.9
258,223,826.98
259,185,160.88
259,51,259.53
259,331,523.42
259,305,593.14
259,180,679.72
260,281,195.48
260,256,285.48
260,262,708.77
260,53,727.28
260,109,839.16
261,10,435.53
261,18,673.26
261,88,725.42
261,179,762.98
261,104,956.95
262,31,269.22
262,109,406.41
262,16,545.89
262,281,676.12
262,260,708.77
263,253,429.47
263,139,864.33
263,158,922.52
263,132,948.5
263,24,1201.52
264,166,31.6
264,282,347.39
264,216,696.83
264,345,844.44
264,302,867.16
265,182,329.32
265,131,436.34
265,228,711.57
265,279,723.16
265,114,848.04
266,222,185.67
266,351,239.85
266,15,591.91
266,69,1137.91
266,187,1270.73
267,306,502.33
267,342,763.07
267,254,777.14
267,221,907.57
267,101,967.15
268,84,633.06
268,44,645.49
268,254,694.99
268,121,828.42
268,221,839.69
269,110,652.15
269,144,780.87
269,328,936.15
269,278,1404.64
269,67,1818.54
270,155,130.44
270,291,351.17
270,115,893.78
270,165,932.2
270,47,991.59
271,45,531.44
271,213,747.79
271,236,981.86
271,124,1074.67
271,247,1215.01
272,151,742.21
272,326,763.64
272,288,872.12
272,349,1130.85
272,307,1206.58
273,341,413.24
273,339,425.21
273,66,708.1
273,32,744.11
273,323,758.25
274,64,25.71
274,190,626.39
274,264,1075.45
274,166,1094.48
274,302,1323.1
275,59,737.22
275,149,821.5
275,262,1023.77
275,260,1043.52
275,113,1069.7
276,19,467.46
276,142,740.07
276,223,784.9
276,204,859.38
276,188,916.59
277,206,430.77
277,74,489.02
277,102,876.16
277,255,1067.06
277,214,1131.18
278,328,612.33
278,0,905.27
278,128,1218.81
278,174,1286.11
278,343,1313.1
279,114,149.93
279,228,423.59
279,327,457.11
279,131,525.92
279,265,723.16
280,81,709.76
280,214,998.99
280,330,1288.87
280,308,1322.31
280,140,1386.39
281,256,116.05
281,260,195.48
281,262,676.12
281,109,710.44
281,53,860.38
282,166,334.52
282,264,347.39
282,345,654.06
282,216,695.07
282,235,768.62
283,44,419.97
283,121,548.95
283,95,669.57
283,84,753.55
283,181,839.26
284,181,325.87
284,217,526.16
284,97,610.83
284,138,703.3
284,252,805.41
285,317,657.1
285,14,879.99
285,247,1111.91
285,112,1282.84
285,303,1289.86
286,29,1124.07
286,303,1381.43
286,198,1452.1
286,103,1482.23
286,33,1499.37
287,234,178.99
287,122,523.84
287,173,843.89
287,100,1178.03
287,355,1267.62
288,326,280.03
288,307,340.9
288,151,442.29
288,349,545.18
288,272,872.12
289,148,164.39
289,96,757.77
289,323,876.93
289,350,915.79
289,147,949.81
290,355,244.39
290,170,406.26
290,298,722.15
290,189,1209.05
290,173,1258.97
291,155,247.31
291,270,351.17
291,115,624.28
291,47,644.87
291,191,773.8
292,176,343.12
292,133,416.07
292,66,658.21
292,207,705.35
292,341,880.5
293,225,538.06
293,204,581.13
293,142,634.24
293,223,973.11
293,312,1079.68
294,165,833.27
294,27,856.37
294,127,973.77
294,246,1067.98
294,65,1159.89
295,296,249.03
295,321,523.15
295,95,862.35
295,252,889.31
295,121,1091.48
296,295,249.03
296,321,547.33
296,95,613.43
296,121,842.64
296,252,904.42
297,337,250.94
297,83,339.1
297,46,343.31
297,43,681.79
297,62,693.25
298,170,344.74
298,169,660.72
298,290,722.15
298,105,883.81
298,355,893.28
299,87,205.02
299,91,716.24
299,38,740.0
299,338,744.7
299,43,930.17
300,40,94.4
300,12,235.6
300,130,383.58
300,39,638.51
300,171,1025.67
301,30,85.68
301,208,620.54
301,86,665.8
301,248,734.49
301,140,992.91
302,235,532.03
302,264,867.16
302,166,894.27
302,282,905.49
302,48,1189.42
303,14,482.15
303,317,694.24
303,29,862.96
303,247,1076.87
303,124,1241.42
304,354,70.95
304,197,174.8
304,143,533.45
304,193,739.05
304,146,850.12
305,185,586.98
305,259,593.14
305,237,691.91
305,51,838.39
305,331,984.09
306,254,275.27
306,221,499.0
306,267,502.33
306,342,668.66
306,101,837.94
307,288,340.9
307,326,573.6
307,156,585.76
307,151,638.56
307,349,641.52
308,164,718.97
308,208,856.5
308,336,996.59
308,280,1322.31
308,214,1362.8
309,161,395.79
309,23,433.2
309,195,553.79
309,188,554.45
309,152,580.47
310,5,289.85
310,145,389.45
310,116,770.79
310,329,1145.67
310,187,1165.03
311,325,219.84
311,80,662.35
311,22,728.08
311,156,858.37
311,49,998.06
312,96,496.22
312,202,1004.65
312,293,1079.68
312,42,1124.05
312,249,1188.31
313,102,358.33
313,74,724.48
313,186,778.48
313,206,780.38
313,7,988.64
314,137,292.03
314,163,315.71
314,97,877.58
314,76,970.35
314,77,971.19
315,251,305.87
315,129,342.46
315,77,502.13
315,65,1038.12
315,55,1116.42
316,154,291.56
316,4,450.33
316,218,492.37
316,147,941.1
316,226,962.75
317,14,229.63
317,285,657.1
317,303,694.24
317,9,1015.66
317,247,1086.35
318,43,182.29
318,338,325.12
318,46,469.11
318,83,472.03
318,337,579.5
319,56,297.43
319,210,478.01
319,245,582.08
319,108,657.1
319,9,812.99
320,98,18.07
320,172,987.27
320,182,1092.21
320,253,1106.81
320,134,1256.58
321,252,368.46
321,295,523.15
321,296,547.33
321,181,830.22
321,72,928.39
322,150,395.02
322,92,472.07
322,239,751.37
322,215,1097.32
322,118,1105.76
323,66,232.62
323,133,499.91
323,148,747.23
323,273,758.25
323,289,876.93
324,191,446.97
324,327,593.41
324,115,594.48
324,159,891.76
324,114,1013.09
325,311,219.84
325,80,456.82
325,22,627.57
325,156,946.95
325,232,963.91
326,288,280.03
326,349,399.81
326,307,573.6
326,151,620.79
326,272,763.64
327,114,439.35
327,279,457.11
327,324,593.41
327,131,787.39
327,228,841.45
328,278,612.33
328,269,936.15
328,0,1169.97
328,174,1206.09
328,49,1289.96
329,5,862.4
329,250,936.69
329,187,946.63
329,15,974.69
329,116,1014.6
330,214,850.07
330,313,1080.94
330,102,1228.02
330,74,1251.45
330,280,1288.87
331,180,164.99
331,185,421.52
331,259,523.42
331,51,539.57
331,184,621.41
332,123,326.74
332,159,882.67
332,136,1104.23
332,232,1394.02
332,324,1414.77
333,162,287.06
333,82,296.76
333,344,517.17
333,17,590.91
333,219,626.05
334,205,230.53
334,117,355.23
334,231,538.5
334,35,617.61
334,218,807.75
335,167,516.13
335,34,762.91
335,50,903.82
335,357,1024.34
335,300,1059.89
336,164,730.49
336,308,996.59
336,255,1334.8
336,183,1471.05
336,277,1569.81
337,83,114.51
337,297,250.94
337,46,387.05
337,62,555.97
337,318,579.5
338,318,325.12
338,43,453.84
338,87,554.56
338,299,744.7
338,83,755.72
339,341,27.69
339,273,425.21
339,176,686.6
339,179,812.64
339,88,857.63
340,249,79.62
340,106,682.18
340,227,732.57
340,199,758.27
340,61,792.94
341,339,27.69
341,273,413.24
341,176,666.51
341,179,829.39
341,88,871.49
342,306,668.66
342,254,748.83
342,267,763.07
342,94,940.6
342,132,982.47
343,128,185.55
343,8,426.59
343,120,469.13
343,0,1118.26
343,278,1313.1
344,82,415.31
344,333,517.17
344,162,741.47
344,17,814.43
344,78,1005.07
345,216,412.1
345,282,654.06
345,166,814.32
345,264,844.44
345,212,905.95
346,63,254.49
346,134,416.95
346,98,1541.37
346,320,1549.5
346,24,1756.32
347,224,222.0
347,187,433.26
347,15,1055.18
347,351,1246.6
347,5,1277.07
348,349,928.76
348,326,1095.09
348,288,1362.56
348,120,1391.48
348,272,1397.8
349,326,399.81
349,288,545.18
349,307,641.52
349,348,928.76
349,151,975.1
350,147,321.79
350,178,596.1
350,202,709.02
350,154,725.98
350,226,793.53
351,222,54.18
351,266,239.85
351,15,404.36
351,187,1036.85
351,224,1157.52
352,160,296.8
352,55,375.8
352,138,484.25
352,217,659.04
352,251,900.14
353,193,463.4
353,75,511.31
353,2,588.8
353,146,655.85
353,211,865.41
354,304,70.95
354,197,151.5
354,143,570.36
354,193,791.64
354,146,920.95
355,290,244.39
355,170,618.36
355,298,893.28
355,173,1014.73
355,189,1177.49
356,203,143.06
356,220,237.66
356,126,322.88
356,233,605.93
356,243,908.42
357,26,507.63
357,60,801.76
357,230,953.31
357,335,1024.34
357,50,1049.52
358,58,159.62
358,145,980.97
358,90,1019.89
358,116,1060.26
358,310,1277.65
359,243,364.95
359,135,919.88
359,203,1016.89
359,41,1061.39
359,356,1085.25
